8DKKRASB,2025-03-24 12:02:29
AW1A5J20,2025-03-24 12:03:47
0BG3EKE2,2025-03-24 12:14:34
47JRNSWY,2025-03-24 22:15:32
QF3RPYBZ,2025-03-24 22:17:58
B2SM40OB,2025-03-24 22:18:37
NRGQTH5T,2025-03-24 22:18:53
OR00R9EJ,2025-03-24 22:19:07
D7JT42KR,2025-03-24 22:19:24
X2DT1EOD,2025-03-24 22:19:52
LE0CTQIT,2025-03-24 22:20:22
T4YX82YT,2025-03-24 22:20:59
556CHA22,2025-03-24 22:21:11
90LWXAIY,2025-03-24 22:42:55
2EYBRMBA,2025-03-24 22:51:31
X2ND5ML5,2025-03-24 22:57:21
J7GAPCPY,2025-03-24 23:12:24
YZ771SZS,2025-03-24 23:18:26
ZNPPQP4F,2025-03-24 23:19:06
CFTEAUKR,2025-03-24 23:20:49
A4JTP81D,2025-03-24 23:25:35
175G5OZY,2025-03-24 23:29:07
NF8CCQMV,2025-03-24 23:30:54
